resource_type,service_category,service_name
azurerm_aadb2c_directory,Identity,Azure Active Directory B2C
azurerm_active_directory_domain_service,Identity,Azure Active Directory Domain Services
azurerm_active_directory_domain_service_replica_set,Identity,Azure Active Directory Domain Services
azurerm_active_directory_domain_service_trust,Identity,Azure Active Directory Domain Services
azurerm_advanced_threat_protection,Security,Microsoft Defender for Identity
azurerm_ai_services,AI + Machine Learning,Azure AI services
azurerm_analysis_services_server,Analytics,Azure Analysis Services
azurerm_api_connection,Integration,Logic Apps
azurerm_api_management,Integration,API Management
azurerm_api_management_api,Integration,API Management
azurerm_api_management_api_diagnostic,Integration,API Management
azurerm_api_management_api_operation,Integration,API Management
azurerm_api_management_api_operation_policy,Integration,API Management
azurerm_api_management_api_operation_tag,Integration,API Management
azurerm_api_management_api_policy,Integration,API Management
azurerm_api_management_api_release,Integration,API Management
azurerm_api_management_api_schema,Integration,API Management
azurerm_api_management_api_tag,Integration,API Management
azurerm_api_management_api_tag_description,Integration,API Management
azurerm_api_management_api_version_set,Integration,API Management
azurerm_api_management_authorization_server,Integration,API Management
azurerm_api_management_backend,Integration,API Management
azurerm_api_management_certificate,Integration,API Management
azurerm_api_management_custom_domain,Integration,API Management
azurerm_api_management_diagnostic,Integration,API Management
azurerm_api_management_email_template,Integration,API Management
azurerm_api_management_gateway,Integration,API Management
azurerm_api_management_gateway_api,Integration,API Management
azurerm_api_management_gateway_certificate_authority,Integration,API Management
azurerm_api_management_gateway_host_name_configuration,Integration,API Management
azurerm_api_management_global_schema,Integration,API Management
azurerm_api_management_group,Integration,API Management
azurerm_api_management_group_user,Integration,API Management
azurerm_api_management_identity_provider_aad,Integration,API Management
azurerm_api_management_identity_provider_aadb2c,Integration,API Management
azurerm_api_management_identity_provider_facebook,Integration,API Management
azurerm_api_management_identity_provider_google,Integration,API Management
azurerm_api_management_identity_provider_microsoft,Integration,API Management
azurerm_api_management_identity_provider_twitter,Integration,API Management
azurerm_api_management_logger,Integration,API Management
azurerm_api_management_named_value,Integration,API Management
azurerm_api_management_notification_recipient_email,Integration,API Management
azurerm_api_management_notification_recipient_user,Integration,API Management
azurerm_api_management_openid_connect_provider,Integration,API Management
azurerm_api_management_policy,Integration,API Management
azurerm_api_management_policy_fragment,Integration,API Management
azurerm_api_management_product,Integration,API Management
azurerm_api_management_product_api,Integration,API Management
azurerm_api_management_product_group,Integration,API Management
azurerm_api_management_product_policy,Integration,API Management
azurerm_api_management_product_tag,Integration,API Management
azurerm_api_management_redis_cache,Integration,API Management
azurerm_api_management_subscription,Integration,API Management
azurerm_api_management_tag,Integration,API Management
azurerm_api_management_user,Integration,API Management
azurerm_app_configuration,Developer Tools,Azure App Configuration
azurerm_app_configuration_feature,Developer Tools,Azure App Configuration
azurerm_app_configuration_key,Developer Tools,Azure App Configuration
azurerm_app_service,Web,App Service
azurerm_app_service_active_slot,Web,App Service
azurerm_app_service_certificate,Web,App Service
azurerm_app_service_certificate_binding,Web,App Service
azurerm_app_service_certificate_order,Web,App Service Certificates
azurerm_app_service_connection,Web,App Service
azurerm_app_service_custom_hostname_binding,Web,App Service
azurerm_app_service_environment,Web,App Service Environment
azurerm_app_service_environment_v3,Web,App Service Environment
azurerm_app_service_hybrid_connection,Web,App Service
azurerm_app_service_managed_certificate,Web,App Service
azurerm_app_service_plan,Web,App Service
azurerm_app_service_public_certificate,Web,App Service
azurerm_app_service_slot,Web,App Service
azurerm_app_service_slot_custom_hostname_binding,Web,App Service
azurerm_app_service_slot_virtual_network_swift_connection,Web,App Service
azurerm_app_service_source_control,Web,App Service
azurerm_app_service_source_control_slot,Web,App Service
azurerm_app_service_source_control_token,Web,App Service
azurerm_app_service_virtual_network_swift_connection,Web,App Service
azurerm_application_gateway,Networking,Application Gateway
azurerm_application_insights,Management and Governance,Application Insights
azurerm_application_insights_analytics_item,Management and Governance,Application Insights
azurerm_application_insights_api_key,Management and Governance,Application Insights
azurerm_application_insights_smart_detection_rule,Management and Governance,Application Insights
azurerm_application_insights_standard_web_test,Management and Governance,Application Insights
azurerm_application_insights_web_test,Management and Governance,Application Insights
azurerm_application_insights_workbook,Management and Governance,Application Insights
azurerm_application_insights_workbook_template,Management and Governance,Application Insights
azurerm_application_load_balancer,Networking,Load Balancer
azurerm_application_load_balancer_frontend,Networking,Load Balancer
azurerm_application_load_balancer_subnet_association,Networking,Load Balancer
azurerm_application_security_group,Networking,Application Security Groups
azurerm_arc_kubernetes_cluster,Hybrid + multicloud,Azure Arc
azurerm_arc_kubernetes_cluster_extension,Hybrid + multicloud,Azure Arc
azurerm_arc_kubernetes_flux_configuration,Hybrid + multicloud,Azure Arc
azurerm_arc_machine_extension,Hybrid + multicloud,Azure Arc
azurerm_arc_private_link_scope,Hybrid + multicloud,Azure Arc
azurerm_arc_resource_bridge_appliance,Hybrid + multicloud,Azure Arc
azurerm_attestation_provider,Security,Azure Attestation
azurerm_automanage_configuration,Management and Governance,Automanage
azurerm_automation_account,Management and Governance,Automation
azurerm_automation_certificate,Management and Governance,Automation
azurerm_automation_connection,Management and Governance,Automation
azurerm_automation_connection_certificate,Management and Governance,Automation
azurerm_automation_connection_classic_certificate,Management and Governance,Automation
azurerm_automation_connection_service_principal,Management and Governance,Automation
azurerm_automation_connection_type,Management and Governance,Automation
azurerm_automation_credential,Management and Governance,Automation
azurerm_automation_dsc_configuration,Management and Governance,Automation
azurerm_automation_dsc_nodeconfiguration,Management and Governance,Automation
azurerm_automation_hybrid_runbook_worker,Management and Governance,Automation
azurerm_automation_hybrid_runbook_worker_group,Management and Governance,Automation
azurerm_automation_job_schedule,Management and Governance,Automation
azurerm_automation_module,Management and Governance,Automation
azurerm_automation_powershell72_module,Management and Governance,Automation
azurerm_automation_python3_package,Management and Governance,Automation
azurerm_automation_runbook,Management and Governance,Automation
azurerm_automation_schedule,Management and Governance,Automation
azurerm_automation_software_update_configuration,Management and Governance,Automation
azurerm_automation_source_control,Management and Governance,Automation
azurerm_automation_variable_bool,Management and Governance,Automation
azurerm_automation_variable_datetime,Management and Governance,Automation
azurerm_automation_variable_int,Management and Governance,Automation
azurerm_automation_variable_object,Management and Governance,Automation
azurerm_automation_variable_string,Management and Governance,Automation
azurerm_automation_watcher,Management and Governance,Automation
azurerm_automation_webhook,Management and Governance,Automation
azurerm_availability_set,Compute,Virtual Machines
azurerm_backup_container_storage_account,Storage,Azure Backup
azurerm_backup_policy_file_share,Storage,Azure Backup
azurerm_backup_policy_vm,Storage,Azure Backup
azurerm_backup_policy_vm_workload,Storage,Azure Backup
azurerm_backup_protected_file_share,Storage,Azure Backup
azurerm_backup_protected_vm,Storage,Azure Backup
azurerm_bastion_host,Networking,Azure Bastion
azurerm_batch_account,Compute,Batch
azurerm_batch_application,Compute,Batch
azurerm_batch_certificate,Compute,Batch
azurerm_batch_job,Compute,Batch
azurerm_batch_pool,Compute,Batch
azurerm_billing_account_cost_management_export,Management and Governance,Cost Management
azurerm_blueprint_assignment,Management and Governance,Azure Blueprints
azurerm_bot_channel_alexa,AI + Machine Learning,Azure Bot Service
azurerm_bot_channel_direct_line_speech,AI + Machine Learning,Azure Bot Service
azurerm_bot_channel_directline,AI + Machine Learning,Azure Bot Service
azurerm_bot_channel_email,AI + Machine Learning,Azure Bot Service
azurerm_bot_channel_facebook,AI + Machine Learning,Azure Bot Service
azurerm_bot_channel_line,AI + Machine Learning,Azure Bot Service
azurerm_bot_channel_ms_teams,AI + Machine Learning,Azure Bot Service
azurerm_bot_channel_slack,AI + Machine Learning,Azure Bot Service
azurerm_bot_channel_sms,AI + Machine Learning,Azure Bot Service
azurerm_bot_channel_web_chat,AI + Machine Learning,Azure Bot Service
azurerm_bot_channels_registration,AI + Machine Learning,Azure Bot Service
azurerm_bot_connection,AI + Machine Learning,Azure Bot Service
azurerm_bot_service_azure_bot,AI + Machine Learning,Azure Bot Service
azurerm_bot_web_app,AI + Machine Learning,Azure Bot Service
azurerm_capacity_reservation,Compute,Virtual Machines
azurerm_capacity_reservation_group,Compute,Virtual Machines
azurerm_cdn_endpoint,Networking,Content Delivery Network
azurerm_cdn_endpoint_custom_domain,Networking,Content Delivery Network
azurerm_cdn_frontdoor_custom_domain,Networking,Azure Front Door
azurerm_cdn_frontdoor_custom_domain_association,Networking,Azure Front Door
azurerm_cdn_frontdoor_endpoint,Networking,Azure Front Door
azurerm_cdn_frontdoor_firewall_policy,Networking,Azure Front Door
azurerm_cdn_frontdoor_origin,Networking,Azure Front Door
azurerm_cdn_frontdoor_origin_group,Networking,Azure Front Door
azurerm_cdn_frontdoor_profile,Networking,Azure Front Door
azurerm_cdn_frontdoor_route,Networking,Azure Front Door
azurerm_cdn_frontdoor_route_disable_link_to_default_domain,Networking,Azure Front Door
azurerm_cdn_frontdoor_rule,Networking,Azure Front Door
azurerm_cdn_frontdoor_rule_set,Networking,Azure Front Door
azurerm_cdn_frontdoor_secret,Networking,Azure Front Door
azurerm_cdn_frontdoor_security_policy,Networking,Azure Front Door
azurerm_cdn_profile,Networking,Content Delivery Network
azurerm_chaos_studio_capability,Developer Tools,Azure Chaos Studio
azurerm_chaos_studio_experiment,Developer Tools,Azure Chaos Studio
azurerm_chaos_studio_target,Developer Tools,Azure Chaos Studio
azurerm_cognitive_account,AI + Machine Learning,Cognitive Services
azurerm_cognitive_account_customer_managed_key,AI + Machine Learning,Cognitive Services
azurerm_cognitive_deployment,AI + Machine Learning,Cognitive Services
azurerm_communication_service,Web,Communication Services
azurerm_communication_service_email_domain_association,Web,Communication Services
azurerm_confidential_ledger,Security,Azure Confidential Ledger
azurerm_consumption_budget_management_group,Management and Governance,Cost Management
azurerm_consumption_budget_resource_group,Management and Governance,Cost Management
azurerm_consumption_budget_subscription,Management and Governance,Cost Management
azurerm_container_app,Containers,Container Apps
azurerm_container_app_custom_domain,Containers,Container Apps
azurerm_container_app_environment,Containers,Container Apps
azurerm_container_app_environment_certificate,Containers,Container Apps
azurerm_container_app_environment_custom_domain,Containers,Container Apps
azurerm_container_app_environment_dapr_component,Containers,Container Apps
azurerm_container_app_environment_storage,Containers,Container Apps
azurerm_container_app_job,Containers,Container Apps
azurerm_container_connected_registry,Containers,Container Registry
azurerm_container_group,Containers,Container Instances
azurerm_container_registry,Containers,Container Registry
azurerm_container_registry_agent_pool,Containers,Container Registry
azurerm_container_registry_cache_rule,Containers,Container Registry
azurerm_container_registry_scope_map,Containers,Container Registry
azurerm_container_registry_task,Containers,Container Registry
azurerm_container_registry_task_schedule_run_now,Containers,Container Registry
azurerm_container_registry_token,Containers,Container Registry
azurerm_container_registry_token_password,Containers,Container Registry
azurerm_container_registry_webhook,Containers,Container Registry
azurerm_cosmosdb_account,Databases,Azure Cosmos DB
azurerm_cosmosdb_cassandra_cluster,Databases,Azure Cosmos DB
azurerm_cosmosdb_cassandra_datacenter,Databases,Azure Cosmos DB
azurerm_cosmosdb_cassandra_keyspace,Databases,Azure Cosmos DB
azurerm_cosmosdb_cassandra_table,Databases,Azure Cosmos DB
azurerm_cosmosdb_gremlin_database,Databases,Azure Cosmos DB
azurerm_cosmosdb_gremlin_graph,Databases,Azure Cosmos DB
azurerm_cosmosdb_mongo_collection,Databases,Azure Cosmos DB
azurerm_cosmosdb_mongo_database,Databases,Azure Cosmos DB
azurerm_cosmosdb_mongo_role_definition,Databases,Azure Cosmos DB
azurerm_cosmosdb_mongo_user_definition,Databases,Azure Cosmos DB
azurerm_cosmosdb_notebook_workspace,Databases,Azure Cosmos DB
azurerm_cosmosdb_postgresql_cluster,Databases,Azure Cosmos DB for PostgreSQL
azurerm_cosmosdb_postgresql_coordinator_configuration,Databases,Azure Cosmos DB for PostgreSQL
azurerm_cosmosdb_postgresql_firewall_rule,Databases,Azure Cosmos DB for PostgreSQL
azurerm_cosmosdb_postgresql_node_configuration,Databases,Azure Cosmos DB for PostgreSQL
azurerm_cosmosdb_postgresql_role,Databases,Azure Cosmos DB for PostgreSQL
azurerm_cosmosdb_sql_container,Databases,Azure Cosmos DB
azurerm_cosmosdb_sql_database,Databases,Azure Cosmos DB
azurerm_cosmosdb_sql_dedicated_gateway,Databases,Azure Cosmos DB
azurerm_cosmosdb_sql_function,Databases,Azure Cosmos DB
azurerm_cosmosdb_sql_role_assignment,Databases,Azure Cosmos DB
azurerm_cosmosdb_sql_role_definition,Databases,Azure Cosmos DB
azurerm_cosmosdb_sql_stored_procedure,Databases,Azure Cosmos DB
azurerm_cosmosdb_sql_trigger,Databases,Azure Cosmos DB
azurerm_cosmosdb_table,Databases,Azure Cosmos DB
azurerm_cost_anomaly_alert,Management and Governance,Cost Management
azurerm_cost_management_scheduled_action,Management and Governance,Cost Management
azurerm_custom_ip_prefix,Networking,Public IP Addresses
azurerm_custom_provider,Management and Governance,Custom Providers
azurerm_dashboard,Management and Governance,Azure Dashboard
azurerm_dashboard_grafana,Management and Governance,Azure Managed Grafana
azurerm_data_factory,Analytics,Data Factory
azurerm_data_factory_credential_service_principal,Analytics,Data Factory
azurerm_data_factory_credential_user_managed_identity,Analytics,Data Factory
azurerm_data_factory_custom_dataset,Analytics,Data Factory
azurerm_data_factory_data_flow,Analytics,Data Factory
azurerm_data_factory_dataset_azure_blob,Analytics,Data Factory
azurerm_data_factory_dataset_azure_sql_table,Analytics,Data Factory
azurerm_data_factory_dataset_binary,Analytics,Data Factory
azurerm_data_factory_dataset_cosmosdb_sqlapi,Analytics,Data Factory
azurerm_data_factory_dataset_delimited_text,Analytics,Data Factory
azurerm_data_factory_dataset_http,Analytics,Data Factory
azurerm_data_factory_dataset_json,Analytics,Data Factory
azurerm_data_factory_dataset_mysql,Analytics,Data Factory
azurerm_data_factory_dataset_parquet,Analytics,Data Factory
azurerm_data_factory_dataset_postgresql,Analytics,Data Factory
azurerm_data_factory_dataset_snowflake,Analytics,Data Factory
azurerm_data_factory_dataset_sql_server_table,Analytics,Data Factory
azurerm_data_factory_flowlet_data_flow,Analytics,Data Factory
azurerm_data_factory_integration_runtime_azure,Analytics,Data Factory
azurerm_data_factory_integration_runtime_azure_ssis,Analytics,Data Factory
azurerm_data_factory_integration_runtime_managed,Analytics,Data Factory
azurerm_data_factory_integration_runtime_self_hosted,Analytics,Data Factory
azurerm_data_factory_linked_custom_service,Analytics,Data Factory
azurerm_data_factory_linked_service_azure_blob_storage,Analytics,Data Factory
azurerm_data_factory_linked_service_azure_databricks,Analytics,Data Factory
azurerm_data_factory_linked_service_azure_file_storage,Analytics,Data Factory
azurerm_data_factory_linked_service_azure_function,Analytics,Data Factory
azurerm_data_factory_linked_service_azure_search,Analytics,Data Factory
azurerm_data_factory_linked_service_azure_sql_database,Analytics,Data Factory
azurerm_data_factory_linked_service_azure_table_storage,Analytics,Data Factory
azurerm_data_factory_linked_service_cosmosdb,Analytics,Data Factory
azurerm_data_factory_linked_service_cosmosdb_mongoapi,Analytics,Data Factory
azurerm_data_factory_linked_service_data_lake_storage_gen2,Analytics,Data Factory
azurerm_data_factory_linked_service_key_vault,Analytics,Data Factory
azurerm_data_factory_linked_service_kusto,Analytics,Data Factory
azurerm_data_factory_linked_service_mysql,Analytics,Data Factory
azurerm_data_factory_linked_service_odata,Analytics,Data Factory
azurerm_data_factory_linked_service_odbc,Analytics,Data Factory
azurerm_data_factory_linked_service_postgresql,Analytics,Data Factory
azurerm_data_factory_linked_service_sftp,Analytics,Data Factory
azurerm_data_factory_linked_service_snowflake,Analytics,Data Factory
azurerm_data_factory_linked_service_sql_server,Analytics,Data Factory
azurerm_data_factory_linked_service_synapse,Analytics,Data Factory
azurerm_data_factory_linked_service_web,Analytics,Data Factory
azurerm_data_factory_managed_private_endpoint,Analytics,Data Factory
azurerm_data_factory_pipeline,Analytics,Data Factory
azurerm_data_factory_trigger_blob_event,Analytics,Data Factory
azurerm_data_factory_trigger_custom_event,Analytics,Data Factory
azurerm_data_factory_trigger_schedule,Analytics,Data Factory
azurerm_data_factory_trigger_tumbling_window,Analytics,Data Factory
azurerm_data_protection_backup_instance_blob_storage,Storage,Azure Backup
azurerm_data_protection_backup_instance_disk,Storage,Azure Backup
azurerm_data_protection_backup_instance_kubernetes_cluster,Storage,Azure Backup
azurerm_data_protection_backup_instance_postgresql,Storage,Azure Backup
azurerm_data_protection_backup_instance_postgresql_flexible_server,Storage,Azure Backup
azurerm_data_protection_backup_policy_blob_storage,Storage,Azure Backup
azurerm_data_protection_backup_policy_disk,Storage,Azure Backup
azurerm_data_protection_backup_policy_kubernetes_cluster,Storage,Azure Backup
azurerm_data_protection_backup_policy_postgresql,Storage,Azure Backup
azurerm_data_protection_backup_policy_postgresql_flexible_server,Storage,Azure Backup
azurerm_data_protection_backup_vault,Storage,Azure Backup
azurerm_data_protection_resource_guard,Storage,Azure Backup
azurerm_data_share,Analytics,Azure Data Share
azurerm_data_share_account,Analytics,Azure Data Share
azurerm_data_share_dataset_blob_storage,Analytics,Azure Data Share
azurerm_data_share_dataset_data_lake_gen2,Analytics,Azure Data Share
azurerm_data_share_dataset_kusto_cluster,Analytics,Azure Data Share
azurerm_data_share_dataset_kusto_database,Analytics,Azure Data Share
azurerm_database_migration_project,Migration,Azure Database Migration Service
azurerm_database_migration_service,Migration,Azure Database Migration Service
azurerm_databox_edge_device,Migration,Azure Stack Edge
azurerm_databox_edge_order,Migration,Azure Stack Edge
azurerm_databricks_access_connector,Analytics,Azure Databricks
azurerm_databricks_virtual_network_peering,Analytics,Azure Databricks
azurerm_databricks_workspace,Analytics,Azure Databricks
azurerm_databricks_workspace_customer_managed_key,Analytics,Azure Databricks
azurerm_databricks_workspace_root_dbfs_customer_managed_key,Analytics,Azure Databricks
azurerm_datadog_monitor,Management and Governance,Datadog
azurerm_datadog_monitor_sso_configuration,Management and Governance,Datadog
azurerm_datadog_monitor_tag_rule,Management and Governance,Datadog
azurerm_dedicated_hardware_security_module,Security,Dedicated HSM
azurerm_dedicated_host,Compute,Azure Dedicated Host
azurerm_dedicated_host_group,Compute,Azure Dedicated Host
azurerm_dev_center,Developer Tools,Microsoft Dev Box
azurerm_dev_center_catalog,Developer Tools,Microsoft Dev Box
azurerm_dev_center_dev_box_definition,Developer Tools,Microsoft Dev Box
azurerm_dev_center_environment_type,Developer Tools,Microsoft Dev Box
azurerm_dev_center_gallery,Developer Tools,Microsoft Dev Box
azurerm_dev_center_network_connection,Developer Tools,Microsoft Dev Box
azurerm_dev_center_project,Developer Tools,Microsoft Dev Box
azurerm_dev_center_project_environment_type,Developer Tools,Microsoft Dev Box
azurerm_dev_test_global_vm_shutdown_schedule,Developer Tools,Azure DevTest Labs
azurerm_dev_test_lab,Developer Tools,Azure DevTest Labs
azurerm_dev_test_linux_virtual_machine,Developer Tools,Azure DevTest Labs
azurerm_dev_test_policy,Developer Tools,Azure DevTest Labs
azurerm_dev_test_schedule,Developer Tools,Azure DevTest Labs
azurerm_dev_test_virtual_network,Developer Tools,Azure DevTest Labs
azurerm_dev_test_windows_virtual_machine,Developer Tools,Azure DevTest Labs
azurerm_digital_twins_endpoint_eventgrid,Internet of Things,Azure Digital Twins
azurerm_digital_twins_endpoint_eventhub,Internet of Things,Azure Digital Twins
azurerm_digital_twins_endpoint_servicebus,Internet of Things,Azure Digital Twins
azurerm_digital_twins_instance,Internet of Things,Azure Digital Twins
azurerm_digital_twins_time_series_database_connection,Internet of Things,Azure Digital Twins
azurerm_disk_access,Storage,Managed Disks
azurerm_disk_encryption_set,Storage,Managed Disks
azurerm_disk_pool,Storage,Disk Pool
azurerm_disk_pool_iscsi_target,Storage,Disk Pool
azurerm_disk_pool_iscsi_target_lun,Storage,Disk Pool
azurerm_disk_pool_managed_disk_attachment,Storage,Disk Pool
azurerm_dns_a_record,Networking,Azure DNS
azurerm_dns_aaaa_record,Networking,Azure DNS
azurerm_dns_caa_record,Networking,Azure DNS
azurerm_dns_cname_record,Networking,Azure DNS
azurerm_dns_mx_record,Networking,Azure DNS
azurerm_dns_ns_record,Networking,Azure DNS
azurerm_dns_ptr_record,Networking,Azure DNS
azurerm_dns_srv_record,Networking,Azure DNS
azurerm_dns_txt_record,Networking,Azure DNS
azurerm_dns_zone,Networking,Azure DNS
azurerm_elastic_cloud_elasticsearch,Analytics,Elastic
azurerm_elastic_san,Storage,Azure Elastic SAN
azurerm_elastic_san_volume,Storage,Azure Elastic SAN
azurerm_elastic_san_volume_group,Storage,Azure Elastic SAN
azurerm_email_communication_service,Web,Email Communication Services
azurerm_email_communication_service_domain,Web,Email Communication Services
azurerm_eventgrid_domain,Integration,Event Grid
azurerm_eventgrid_domain_topic,Integration,Event Grid
azurerm_eventgrid_event_subscription,Integration,Event Grid
azurerm_eventgrid_system_topic,Integration,Event Grid
azurerm_eventgrid_system_topic_event_subscription,Integration,Event Grid
azurerm_eventgrid_topic,Integration,Event Grid
azurerm_eventhub,Analytics,Event Hubs
azurerm_eventhub_authorization_rule,Analytics,Event Hubs
azurerm_eventhub_cluster,Analytics,Event Hubs
azurerm_eventhub_consumer_group,Analytics,Event Hubs
azurerm_eventhub_namespace,Analytics,Event Hubs
azurerm_eventhub_namespace_authorization_rule,Analytics,Event Hubs
azurerm_eventhub_namespace_customer_managed_key,Analytics,Event Hubs
azurerm_eventhub_namespace_disaster_recovery_config,Analytics,Event Hubs
azurerm_eventhub_namespace_schema_group,Analytics,Event Hubs
azurerm_express_route_circuit,Networking,ExpressRoute
azurerm_express_route_circuit_authorization,Networking,ExpressRoute
azurerm_express_route_circuit_connection,Networking,ExpressRoute
azurerm_express_route_circuit_peering,Networking,ExpressRoute
azurerm_express_route_connection,Networking,ExpressRoute
azurerm_express_route_gateway,Networking,ExpressRoute
azurerm_express_route_port,Networking,ExpressRoute
azurerm_express_route_port_authorization,Networking,ExpressRoute
azurerm_extended_custom_location,Hybrid + multicloud,Azure Arc
azurerm_federated_identity_credential,Identity,Managed Identities
azurerm_firewall,Networking,Azure Firewall
azurerm_firewall_application_rule_collection,Networking,Azure Firewall
azurerm_firewall_nat_rule_collection,Networking,Azure Firewall
azurerm_firewall_network_rule_collection,Networking,Azure Firewall
azurerm_firewall_policy,Networking,Azure Firewall Manager
azurerm_firewall_policy_rule_collection_group,Networking,Azure Firewall Manager
azurerm_fluid_relay_server,Web,Azure Fluid Relay
azurerm_frontdoor,Networking,Azure Front Door
azurerm_frontdoor_custom_https_configuration,Networking,Azure Front Door
azurerm_frontdoor_firewall_policy,Networking,Azure Front Door
azurerm_frontdoor_rules_engine,Networking,Azure Front Door
azurerm_function_app,Compute,Azure Functions
azurerm_function_app_active_slot,Compute,Azure Functions
azurerm_function_app_connection,Compute,Azure Functions
azurerm_function_app_function,Compute,Azure Functions
azurerm_function_app_hybrid_connection,Compute,Azure Functions
azurerm_function_app_slot,Compute,Azure Functions
azurerm_gallery_application,Compute,Azure Compute Gallery
azurerm_gallery_application_version,Compute,Azure Compute Gallery
azurerm_graph_account,Analytics,Azure Resource Graph
azurerm_graph_services_account,Analytics,Azure Resource Graph
azurerm_hdinsight_hadoop_cluster,Analytics,HDInsight
azurerm_hdinsight_hbase_cluster,Analytics,HDInsight
azurerm_hdinsight_interactive_query_cluster,Analytics,HDInsight
azurerm_hdinsight_kafka_cluster,Analytics,HDInsight
azurerm_hdinsight_spark_cluster,Analytics,HDInsight
azurerm_healthbot,AI + Machine Learning,Health Bot
azurerm_healthcare_dicom_service,AI + Machine Learning,Azure Health Data Services
azurerm_healthcare_fhir_service,AI + Machine Learning,Azure Health Data Services
azurerm_healthcare_medtech_service,AI + Machine Learning,Azure Health Data Services
azurerm_healthcare_medtech_service_fhir_destination,AI + Machine Learning,Azure Health Data Services
azurerm_healthcare_service,AI + Machine Learning,Azure API for FHIR
azurerm_healthcare_workspace,AI + Machine Learning,Azure Health Data Services
azurerm_hpc_cache,Storage,Azure HPC Cache
azurerm_hpc_cache_access_policy,Storage,Azure HPC Cache
azurerm_hpc_cache_blob_nfs_target,Storage,Azure HPC Cache
azurerm_hpc_cache_blob_target,Storage,Azure HPC Cache
azurerm_hpc_cache_nfs_target,Storage,Azure HPC Cache
azurerm_image,Compute,Virtual Machine Images
azurerm_integration_service_environment,Integration,Logic Apps
azurerm_iot_security_device_group,Internet of Things,Azure Defender for IoT
azurerm_iot_security_solution,Internet of Things,Azure Defender for IoT
azurerm_iot_time_series_insights_access_policy,Internet of Things,Azure Time Series Insights
azurerm_iot_time_series_insights_event_source_eventhub,Internet of Things,Azure Time Series Insights
azurerm_iot_time_series_insights_event_source_iothub,Internet of Things,Azure Time Series Insights
azurerm_iot_time_series_insights_gen2_environment,Internet of Things,Azure Time Series Insights
azurerm_iot_time_series_insights_reference_data_set,Internet of Things,Azure Time Series Insights
azurerm_iot_time_series_insights_standard_environment,Internet of Things,Azure Time Series Insights
azurerm_iotcentral_application,Internet of Things,Azure IoT Central
azurerm_iotcentral_application_network_rule_set,Internet of Things,Azure IoT Central
azurerm_iotcentral_organization,Internet of Things,Azure IoT Central
azurerm_iothub,Internet of Things,IoT Hub
azurerm_iothub_certificate,Internet of Things,IoT Hub
azurerm_iothub_consumer_group,Internet of Things,IoT Hub
azurerm_iothub_device_update_account,Internet of Things,Device Update for IoT Hub
azurerm_iothub_device_update_instance,Internet of Things,Device Update for IoT Hub
azurerm_iothub_dps,Internet of Things,IoT Hub Device Provisioning Service
azurerm_iothub_dps_certificate,Internet of Things,IoT Hub Device Provisioning Service
azurerm_iothub_dps_shared_access_policy,Internet of Things,IoT Hub Device Provisioning Service
azurerm_iothub_endpoint_cosmosdb_account,Internet of Things,IoT Hub
azurerm_iothub_endpoint_eventhub,Internet of Things,IoT Hub
azurerm_iothub_endpoint_servicebus_queue,Internet of Things,IoT Hub
azurerm_iothub_endpoint_servicebus_topic,Internet of Things,IoT Hub
azurerm_iothub_endpoint_storage_container,Internet of Things,IoT Hub
azurerm_iothub_enrichment,Internet of Things,IoT Hub
azurerm_iothub_fallback_route,Internet of Things,IoT Hub
azurerm_iothub_file_upload,Internet of Things,IoT Hub
azurerm_iothub_route,Internet of Things,IoT Hub
azurerm_iothub_shared_access_policy,Internet of Things,IoT Hub
azurerm_ip_group,Networking,IP Groups
azurerm_ip_group_cidr,Networking,IP Groups
azurerm_key_vault,Security,Key Vault
azurerm_key_vault_access_policy,Security,Key Vault
azurerm_key_vault_certificate,Security,Key Vault
azurerm_key_vault_certificate_contacts,Security,Key Vault
azurerm_key_vault_certificate_issuer,Security,Key Vault
azurerm_key_vault_key,Security,Key Vault
azurerm_key_vault_managed_hardware_security_module,Security,Azure Dedicated HSM
azurerm_key_vault_managed_hardware_security_module_key,Security,Azure Dedicated HSM
azurerm_key_vault_managed_hardware_security_module_role_assignment,Security,Azure Dedicated HSM
azurerm_key_vault_managed_hardware_security_module_role_definition,Security,Azure Dedicated HSM
azurerm_key_vault_managed_storage_account,Security,Key Vault
azurerm_key_vault_managed_storage_account_sas_token_definition,Security,Key Vault
azurerm_key_vault_secret,Security,Key Vault
azurerm_kubernetes_cluster,Containers,Azure Kubernetes Service (AKS)
azurerm_kubernetes_cluster_extension,Containers,Azure Kubernetes Service (AKS)
azurerm_kubernetes_cluster_node_pool,Containers,Azure Kubernetes Service (AKS)
azurerm_kubernetes_cluster_trusted_access_role_binding,Containers,Azure Kubernetes Service (AKS)
azurerm_kubernetes_fleet_manager,Containers,Azure Kubernetes Fleet Manager
azurerm_kubernetes_fleet_member,Containers,Azure Kubernetes Fleet Manager
azurerm_kubernetes_fleet_update_run,Containers,Azure Kubernetes Fleet Manager
azurerm_kubernetes_fleet_update_strategy,Containers,Azure Kubernetes Fleet Manager
azurerm_kubernetes_flux_configuration,Containers,Azure Kubernetes Service (AKS)
azurerm_kusto_attached_database_configuration,Analytics,Azure Data Explorer
azurerm_kusto_cluster,Analytics,Azure Data Explorer
azurerm_kusto_cluster_customer_managed_key,Analytics,Azure Data Explorer
azurerm_kusto_cluster_managed_private_endpoint,Analytics,Azure Data Explorer
azurerm_kusto_cluster_principal_assignment,Analytics,Azure Data Explorer
azurerm_kusto_cosmosdb_data_connection,Analytics,Azure Data Explorer
azurerm_kusto_database,Analytics,Azure Data Explorer
azurerm_kusto_database_principal_assignment,Analytics,Azure Data Explorer
azurerm_kusto_eventgrid_data_connection,Analytics,Azure Data Explorer
azurerm_kusto_eventhub_data_connection,Analytics,Azure Data Explorer
azurerm_kusto_iothub_data_connection,Analytics,Azure Data Explorer
azurerm_kusto_script,Analytics,Azure Data Explorer
azurerm_lab_service_lab,Developer Tools,Azure Lab Services
azurerm_lab_service_plan,Developer Tools,Azure Lab Services
azurerm_lab_service_schedule,Developer Tools,Azure Lab Services
azurerm_lab_service_user,Developer Tools,Azure Lab Services
azurerm_lb,Networking,Load Balancer
azurerm_lb_backend_address_pool,Networking,Load Balancer
azurerm_lb_backend_address_pool_address,Networking,Load Balancer
azurerm_lb_nat_pool,Networking,Load Balancer
azurerm_lb_nat_rule,Networking,Load Balancer
azurerm_lb_outbound_rule,Networking,Load Balancer
azurerm_lb_probe,Networking,Load Balancer
azurerm_lb_rule,Networking,Load Balancer
azurerm_lighthouse_assignment,Management and Governance,Azure Lighthouse
azurerm_lighthouse_definition,Management and Governance,Azure Lighthouse
azurerm_linux_function_app,Compute,Azure Functions
azurerm_linux_function_app_slot,Compute,Azure Functions
azurerm_linux_virtual_machine,Compute,Virtual Machines
azurerm_linux_virtual_machine_scale_set,Compute,Virtual Machine Scale Sets
azurerm_linux_web_app,Web,App Service
azurerm_linux_web_app_slot,Web,App Service
azurerm_load_test,Developer Tools,Azure Load Testing
azurerm_local_network_gateway,Networking,VPN Gateway
azurerm_log_analytics_cluster,Management and Governance,Azure Monitor
azurerm_log_analytics_cluster_customer_managed_key,Management and Governance,Azure Monitor
azurerm_log_analytics_data_export_rule,Management and Governance,Azure Monitor
azurerm_log_analytics_datasource_windows_event,Management and Governance,Azure Monitor
azurerm_log_analytics_datasource_windows_performance_counter,Management and Governance,Azure Monitor
azurerm_log_analytics_linked_service,Management and Governance,Azure Monitor
azurerm_log_analytics_linked_storage_account,Management and Governance,Azure Monitor
azurerm_log_analytics_query_pack,Management and Governance,Azure Monitor
azurerm_log_analytics_query_pack_query,Management and Governance,Azure Monitor
azurerm_log_analytics_saved_search,Management and Governance,Azure Monitor
azurerm_log_analytics_solution,Management and Governance,Azure Monitor
azurerm_log_analytics_storage_insights,Management and Governance,Azure Monitor
azurerm_log_analytics_workspace,Management and Governance,Log Analytics
azurerm_log_analytics_workspace_table,Management and Governance,Log Analytics
azurerm_logic_app_action_custom,Integration,Logic Apps
azurerm_logic_app_action_http,Integration,Logic Apps
azurerm_logic_app_integration_account,Integration,Logic Apps
azurerm_logic_app_integration_account_agreement,Integration,Logic Apps
azurerm_logic_app_integration_account_assembly,Integration,Logic Apps
azurerm_logic_app_integration_account_batch_configuration,Integration,Logic Apps
azurerm_logic_app_integration_account_certificate,Integration,Logic Apps
azurerm_logic_app_integration_account_map,Integration,Logic Apps
azurerm_logic_app_integration_account_partner,Integration,Logic Apps
azurerm_logic_app_integration_account_schema,Integration,Logic Apps
azurerm_logic_app_integration_account_session,Integration,Logic Apps
azurerm_logic_app_standard,Integration,Logic Apps
azurerm_logic_app_trigger_custom,Integration,Logic Apps
azurerm_logic_app_trigger_http_request,Integration,Logic Apps
azurerm_logic_app_trigger_recurrence,Integration,Logic Apps
azurerm_logic_app_workflow,Integration,Logic Apps
azurerm_logz_monitor,Management and Governance,Logz.io
azurerm_logz_sub_account,Management and Governance,Logz.io
azurerm_logz_sub_account_tag_rule,Management and Governance,Logz.io
azurerm_logz_tag_rule,Management and Governance,Logz.io
azurerm_machine_learning_compute_cluster,AI + Machine Learning,Azure Machine Learning
azurerm_machine_learning_compute_instance,AI + Machine Learning,Azure Machine Learning
azurerm_machine_learning_datastore_blobstorage,AI + Machine Learning,Azure Machine Learning
azurerm_machine_learning_datastore_datalake_gen2,AI + Machine Learning,Azure Machine Learning
azurerm_machine_learning_datastore_fileshare,AI + Machine Learning,Azure Machine Learning
azurerm_machine_learning_inference_cluster,AI + Machine Learning,Azure Machine Learning
azurerm_machine_learning_synapse_spark,AI + Machine Learning,Azure Machine Learning
azurerm_machine_learning_workspace,AI + Machine Learning,Azure Machine Learning
azurerm_maintenance_assignment_dedicated_host,Management and Governance,Azure Update Manager
azurerm_maintenance_assignment_dynamic_scope,Management and Governance,Azure Update Manager
azurerm_maintenance_assignment_virtual_machine,Management and Governance,Azure Update Manager
azurerm_maintenance_assignment_virtual_machine_scale_set,Management and Governance,Azure Update Manager
azurerm_maintenance_configuration,Management and Governance,Azure Update Manager
azurerm_managed_application,Management and Governance,Managed Applications
azurerm_managed_application_definition,Management and Governance,Managed Applications
azurerm_managed_disk,Storage,Managed Disks
azurerm_managed_disk_sas_token,Storage,Managed Disks
azurerm_managed_lustre_file_system,Storage,Azure Managed Lustre
azurerm_management_group,Management and Governance,Management Groups
azurerm_management_group_policy_assignment,Management and Governance,Azure Policy
azurerm_management_group_policy_exemption,Management and Governance,Azure Policy
azurerm_management_group_policy_remediation,Management and Governance,Azure Policy
azurerm_management_group_subscription_association,Management and Governance,Management Groups
azurerm_management_group_template_deployment,Management and Governance,Azure Resource Manager
azurerm_management_lock,Management and Governance,Resource Locks
azurerm_maps_account,Internet of Things,Azure Maps
azurerm_maps_creator,Internet of Things,Azure Maps
azurerm_mariadb_configuration,Databases,Azure Database for MariaDB
azurerm_mariadb_database,Databases,Azure Database for MariaDB
azurerm_mariadb_firewall_rule,Databases,Azure Database for MariaDB
azurerm_mariadb_server,Databases,Azure Database for MariaDB
azurerm_mariadb_virtual_network_rule,Databases,Azure Database for MariaDB
azurerm_marketplace_agreement,Management and Governance,Azure Marketplace
azurerm_marketplace_role_assignment,Management and Governance,Azure Marketplace
azurerm_media_asset,Media,Media Services
azurerm_media_asset_filter,Media,Media Services
azurerm_media_content_key_policy,Media,Media Services
azurerm_media_job,Media,Media Services
azurerm_media_live_event,Media,Media Services
azurerm_media_live_event_output,Media,Media Services
azurerm_media_services_account,Media,Media Services
azurerm_media_services_account_filter,Media,Media Services
azurerm_media_streaming_endpoint,Media,Media Services
azurerm_media_streaming_locator,Media,Media Services
azurerm_media_streaming_policy,Media,Media Services
azurerm_media_transform,Media,Media Services
azurerm_mobile_network,Mobile,Azure Private 5G Core
azurerm_mobile_network_attached_data_network,Mobile,Azure Private 5G Core
azurerm_mobile_network_data_network,Mobile,Azure Private 5G Core
azurerm_mobile_network_packet_core_control_plane,Mobile,Azure Private 5G Core
azurerm_mobile_network_packet_core_data_plane,Mobile,Azure Private 5G Core
azurerm_mobile_network_service,Mobile,Azure Private 5G Core
azurerm_mobile_network_sim,Mobile,Azure Private 5G Core
azurerm_mobile_network_sim_group,Mobile,Azure Private 5G Core
azurerm_mobile_network_sim_policy,Mobile,Azure Private 5G Core
azurerm_mobile_network_site,Mobile,Azure Private 5G Core
azurerm_mobile_network_slice,Mobile,Azure Private 5G Core
azurerm_monitor_aad_diagnostic_setting,Management and Governance,Azure Monitor
azurerm_monitor_action_group,Management and Governance,Azure Monitor
azurerm_monitor_action_rule_action_group,Management and Governance,Azure Monitor
azurerm_monitor_action_rule_suppression,Management and Governance,Azure Monitor
azurerm_monitor_activity_log_alert,Management and Governance,Azure Monitor
azurerm_monitor_alert_processing_rule_action_group,Management and Governance,Azure Monitor
azurerm_monitor_alert_processing_rule_suppression,Management and Governance,Azure Monitor
azurerm_monitor_alert_prometheus_rule_group,Management and Governance,Azure Monitor
azurerm_monitor_autoscale_setting,Management and Governance,Azure Monitor
azurerm_monitor_data_collection_endpoint,Management and Governance,Azure Monitor
azurerm_monitor_data_collection_rule,Management and Governance,Azure Monitor
azurerm_monitor_data_collection_rule_association,Management and Governance,Azure Monitor
azurerm_monitor_diagnostic_setting,Management and Governance,Azure Monitor
azurerm_monitor_log_profile,Management and Governance,Azure Monitor
azurerm_monitor_metric_alert,Management and Governance,Azure Monitor
azurerm_monitor_private_link_scope,Management and Governance,Azure Monitor
azurerm_monitor_private_link_scoped_service,Management and Governance,Azure Monitor
azurerm_monitor_scheduled_query_rules_alert,Management and Governance,Azure Monitor
azurerm_monitor_scheduled_query_rules_alert_v2,Management and Governance,Azure Monitor
azurerm_monitor_scheduled_query_rules_log,Management and Governance,Azure Monitor
azurerm_monitor_smart_detector_alert_rule,Management and Governance,Azure Monitor
azurerm_monitor_workspace,Management and Governance,Azure Monitor
azurerm_mssql_database,Databases,Azure SQL Database
azurerm_mssql_database_extended_auditing_policy,Databases,Azure SQL Database
azurerm_mssql_database_vulnerability_assessment_rule_baseline,Databases,Azure SQL Database
azurerm_mssql_elasticpool,Databases,Azure SQL Database
azurerm_mssql_failover_group,Databases,Azure SQL Database
azurerm_mssql_firewall_rule,Databases,Azure SQL Database
azurerm_mssql_job_agent,Databases,Azure SQL Database
azurerm_mssql_job_credential,Databases,Azure SQL Database
azurerm_mssql_managed_database,Databases,Azure SQL Managed Instance
azurerm_mssql_managed_instance,Databases,Azure SQL Managed Instance
azurerm_mssql_managed_instance_active_directory_administrator,Databases,Azure SQL Managed Instance
azurerm_mssql_managed_instance_failover_group,Databases,Azure SQL Managed Instance
azurerm_mssql_managed_instance_security_alert_policy,Databases,Azure SQL Managed Instance
azurerm_mssql_managed_instance_transparent_data_encryption,Databases,Azure SQL Managed Instance
azurerm_mssql_managed_instance_vulnerability_assessment,Databases,Azure SQL Managed Instance
azurerm_mssql_outbound_firewall_rule,Databases,Azure SQL Database
azurerm_mssql_server,Databases,Azure SQL Database
azurerm_mssql_server_dns_alias,Databases,Azure SQL Database
azurerm_mssql_server_extended_auditing_policy,Databases,Azure SQL Database
azurerm_mssql_server_microsoft_support_auditing_policy,Databases,Azure SQL Database
azurerm_mssql_server_security_alert_policy,Databases,Azure SQL Database
azurerm_mssql_server_transparent_data_encryption,Databases,Azure SQL Database
azurerm_mssql_server_vulnerability_assessment,Databases,Azure SQL Database
azurerm_mssql_virtual_machine,Databases,SQL Server on Virtual Machines
azurerm_mssql_virtual_machine_availability_group_listener,Databases,SQL Server on Virtual Machines
azurerm_mssql_virtual_machine_group,Databases,SQL Server on Virtual Machines
azurerm_mssql_virtual_network_rule,Databases,Azure SQL Database
azurerm_mysql_active_directory_administrator,Databases,Azure Database for MySQL
azurerm_mysql_configuration,Databases,Azure Database for MySQL
azurerm_mysql_database,Databases,Azure Database for MySQL
azurerm_mysql_firewall_rule,Databases,Azure Database for MySQL
azurerm_mysql_flexible_database,Databases,Azure Database for MySQL
azurerm_mysql_flexible_server,Databases,Azure Database for MySQL
azurerm_mysql_flexible_server_active_directory_administrator,Databases,Azure Database for MySQL
azurerm_mysql_flexible_server_configuration,Databases,Azure Database for MySQL
azurerm_mysql_flexible_server_firewall_rule,Databases,Azure Database for MySQL
azurerm_mysql_server,Databases,Azure Database for MySQL
azurerm_mysql_server_key,Databases,Azure Database for MySQL
azurerm_mysql_virtual_network_rule,Databases,Azure Database for MySQL
azurerm_nat_gateway,Networking,NAT Gateway
azurerm_nat_gateway_public_ip_association,Networking,NAT Gateway
azurerm_nat_gateway_public_ip_prefix_association,Networking,NAT Gateway
azurerm_netapp_account,Storage,Azure NetApp Files
azurerm_netapp_account_encryption,Storage,Azure NetApp Files
azurerm_netapp_pool,Storage,Azure NetApp Files
azurerm_netapp_snapshot,Storage,Azure NetApp Files
azurerm_netapp_snapshot_policy,Storage,Azure NetApp Files
azurerm_netapp_volume,Storage,Azure NetApp Files
azurerm_netapp_volume_group_sap_hana,Storage,Azure NetApp Files
azurerm_netapp_volume_quota_rule,Storage,Azure NetApp Files
azurerm_network_connection_monitor,Networking,Network Watcher
azurerm_network_ddos_protection_plan,Networking,Azure DDoS Protection
azurerm_network_function_azure_traffic_collector,Networking,Azure Network Function Manager
azurerm_network_function_collector_policy,Networking,Azure Network Function Manager
azurerm_network_interface,Networking,Network Interfaces
azurerm_network_interface_application_gateway_backend_address_pool_association,Networking,Network Interfaces
azurerm_network_interface_application_security_group_association,Networking,Network Interfaces
azurerm_network_interface_backend_address_pool_association,Networking,Network Interfaces
azurerm_network_interface_nat_rule_association,Networking,Network Interfaces
azurerm_network_interface_security_group_association,Networking,Network Interfaces
azurerm_network_manager,Networking,Azure Virtual Network Manager
azurerm_network_manager_admin_rule,Networking,Azure Virtual Network Manager
azurerm_network_manager_admin_rule_collection,Networking,Azure Virtual Network Manager
azurerm_network_manager_connectivity_configuration,Networking,Azure Virtual Network Manager
azurerm_network_manager_deployment,Networking,Azure Virtual Network Manager
azurerm_network_manager_management_group_connection,Networking,Azure Virtual Network Manager
azurerm_network_manager_network_group,Networking,Azure Virtual Network Manager
azurerm_network_manager_scope_connection,Networking,Azure Virtual Network Manager
azurerm_network_manager_security_admin_configuration,Networking,Azure Virtual Network Manager
azurerm_network_manager_static_member,Networking,Azure Virtual Network Manager
azurerm_network_manager_subscription_connection,Networking,Azure Virtual Network Manager
azurerm_network_packet_capture,Networking,Network Watcher
azurerm_network_profile,Networking,Network Profile
azurerm_network_security_group,Networking,Network Security Groups
azurerm_network_security_rule,Networking,Network Security Groups
azurerm_network_watcher,Networking,Network Watcher
azurerm_network_watcher_flow_log,Networking,Network Watcher
azurerm_new_relic_monitor,Management and Governance,New Relic
azurerm_new_relic_tag_rule,Management and Governance,New Relic
azurerm_nginx_certificate,Web,NGINX
azurerm_nginx_configuration,Web,NGINX
azurerm_nginx_deployment,Web,NGINX
azurerm_notification_hub,Mobile,Notification Hubs
azurerm_notification_hub_authorization_rule,Mobile,Notification Hubs
azurerm_notification_hub_namespace,Mobile,Notification Hubs
azurerm_orbital_contact,Networking,Azure Orbital
azurerm_orbital_contact_profile,Networking,Azure Orbital
azurerm_orbital_spacecraft,Networking,Azure Orbital
azurerm_orchestrated_virtual_machine_scale_set,Compute,Virtual Machine Scale Sets
azurerm_palo_alto_local_rulestack,Networking,Cloud NGFW by Palo Alto Networks
azurerm_palo_alto_local_rulestack_certificate,Networking,Cloud NGFW by Palo Alto Networks
azurerm_palo_alto_local_rulestack_fqdn_list,Networking,Cloud NGFW by Palo Alto Networks
azurerm_palo_alto_local_rulestack_outbound_trust_certificate_association,Networking,Cloud NGFW by Palo Alto Networks
azurerm_palo_alto_local_rulestack_outbound_untrust_certificate_association,Networking,Cloud NGFW by Palo Alto Networks
azurerm_palo_alto_local_rulestack_prefix_list,Networking,Cloud NGFW by Palo Alto Networks
azurerm_palo_alto_local_rulestack_rule,Networking,Cloud NGFW by Palo Alto Networks
azurerm_palo_alto_next_generation_firewall_virtual_hub_local_rulestack,Networking,Cloud NGFW by Palo Alto Networks
azurerm_palo_alto_next_generation_firewall_virtual_hub_panorama,Networking,Cloud NGFW by Palo Alto Networks
azurerm_palo_alto_next_generation_firewall_virtual_network_local_rulestack,Networking,Cloud NGFW by Palo Alto Networks
azurerm_palo_alto_next_generation_firewall_virtual_network_panorama,Networking,Cloud NGFW by Palo Alto Networks
azurerm_palo_alto_virtual_network_appliance,Networking,Cloud NGFW by Palo Alto Networks
azurerm_pim_active_role_assignment,Identity,Privileged Identity Management
azurerm_pim_eligible_role_assignment,Identity,Privileged Identity Management
azurerm_point_to_site_vpn_gateway,Networking,Virtual WAN
azurerm_policy_definition,Management and Governance,Azure Policy
azurerm_policy_set_definition,Management and Governance,Azure Policy
azurerm_policy_virtual_machine_configuration_assignment,Management and Governance,Azure Policy
azurerm_portal_dashboard,Management and Governance,Azure Portal
azurerm_portal_tenant_configuration,Management and Governance,Azure Portal
azurerm_postgresql_active_directory_administrator,Databases,Azure Database for PostgreSQL
azurerm_postgresql_configuration,Databases,Azure Database for PostgreSQL
azurerm_postgresql_database,Databases,Azure Database for PostgreSQL
azurerm_postgresql_firewall_rule,Databases,Azure Database for PostgreSQL
azurerm_postgresql_flexible_server,Databases,Azure Database for PostgreSQL
azurerm_postgresql_flexible_server_active_directory_administrator,Databases,Azure Database for PostgreSQL
azurerm_postgresql_flexible_server_configuration,Databases,Azure Database for PostgreSQL
azurerm_postgresql_flexible_server_database,Databases,Azure Database for PostgreSQL
azurerm_postgresql_flexible_server_firewall_rule,Databases,Azure Database for PostgreSQL
azurerm_postgresql_flexible_server_virtual_endpoint,Databases,Azure Database for PostgreSQL
azurerm_postgresql_server,Databases,Azure Database for PostgreSQL
azurerm_postgresql_server_key,Databases,Azure Database for PostgreSQL
azurerm_postgresql_virtual_network_rule,Databases,Azure Database for PostgreSQL
azurerm_powerbi_embedded,Analytics,Power BI Embedded
azurerm_private_dns_a_record,Networking,Azure Private DNS
azurerm_private_dns_aaaa_record,Networking,Azure Private DNS
azurerm_private_dns_cname_record,Networking,Azure Private DNS
azurerm_private_dns_mx_record,Networking,Azure Private DNS
azurerm_private_dns_ptr_record,Networking,Azure Private DNS
azurerm_private_dns_resolver,Networking,Azure DNS Private Resolver
azurerm_private_dns_resolver_dns_forwarding_ruleset,Networking,Azure DNS Private Resolver
azurerm_private_dns_resolver_forwarding_rule,Networking,Azure DNS Private Resolver
azurerm_private_dns_resolver_inbound_endpoint,Networking,Azure DNS Private Resolver
azurerm_private_dns_resolver_outbound_endpoint,Networking,Azure DNS Private Resolver
azurerm_private_dns_resolver_virtual_network_link,Networking,Azure DNS Private Resolver
azurerm_private_dns_srv_record,Networking,Azure Private DNS
azurerm_private_dns_txt_record,Networking,Azure Private DNS
azurerm_private_dns_zone,Networking,Azure Private DNS
azurerm_private_dns_zone_virtual_network_link,Networking,Azure Private DNS
azurerm_private_endpoint,Networking,Private Link
azurerm_private_endpoint_application_security_group_association,Networking,Private Link
azurerm_private_link_service,Networking,Private Link
azurerm_proximity_placement_group,Compute,Proximity Placement Groups
azurerm_public_ip,Networking,Public IP Addresses
azurerm_public_ip_prefix,Networking,Public IP Prefixes
azurerm_purview_account,Analytics,Microsoft Purview
azurerm_recovery_services_vault,Storage,Azure Backup
azurerm_recovery_services_vault_resource_guard_association,Storage,Azure Backup
azurerm_redhat_openshift_cluster,Containers,Azure Red Hat OpenShift
azurerm_redis_cache,Databases,Azure Cache for Redis
azurerm_redis_cache_access_policy,Databases,Azure Cache for Redis
azurerm_redis_cache_access_policy_assignment,Databases,Azure Cache for Redis
azurerm_redis_enterprise_cluster,Databases,Azure Cache for Redis Enterprise
azurerm_redis_enterprise_database,Databases,Azure Cache for Redis Enterprise
azurerm_redis_firewall_rule,Databases,Azure Cache for Redis
azurerm_redis_linked_server,Databases,Azure Cache for Redis
azurerm_relay_hybrid_connection,Integration,Azure Relay
azurerm_relay_hybrid_connection_authorization_rule,Integration,Azure Relay
azurerm_relay_namespace,Integration,Azure Relay
azurerm_relay_namespace_authorization_rule,Integration,Azure Relay
azurerm_resource_deployment_script_azure_cli,Management and Governance,Azure Resource Manager
azurerm_resource_deployment_script_azure_power_shell,Management and Governance,Azure Resource Manager
azurerm_resource_group,Management and Governance,Resource Groups
azurerm_resource_group_cost_management_export,Management and Governance,Cost Management
azurerm_resource_group_cost_management_view,Management and Governance,Cost Management
azurerm_resource_group_policy_assignment,Management and Governance,Azure Policy
azurerm_resource_group_policy_exemption,Management and Governance,Azure Policy
azurerm_resource_group_policy_remediation,Management and Governance,Azure Policy
azurerm_resource_group_template_deployment,Management and Governance,Azure Resource Manager
azurerm_resource_management_private_link,Management and Governance,Azure Resource Manager
azurerm_resource_management_private_link_association,Management and Governance,Azure Resource Manager
azurerm_resource_policy_assignment,Management and Governance,Azure Policy
azurerm_resource_policy_exemption,Management and Governance,Azure Policy
azurerm_resource_policy_remediation,Management and Governance,Azure Policy
azurerm_resource_provider_registration,Management and Governance,Azure Resource Manager
azurerm_restore_point_collection,Compute,Virtual Machines
azurerm_role_assignment,Identity,Azure RBAC
azurerm_role_definition,Identity,Azure RBAC
azurerm_role_management_policy,Identity,Azure RBAC
azurerm_route,Networking,Route Tables
azurerm_route_filter,Networking,Route Filters
azurerm_route_map,Networking,Virtual WAN
azurerm_route_server,Networking,Azure Route Server
azurerm_route_server_bgp_connection,Networking,Azure Route Server
azurerm_route_table,Networking,Route Tables
azurerm_search_service,AI + Machine Learning,Azure Cognitive Search
azurerm_search_shared_private_link_service,AI + Machine Learning,Azure Cognitive Search
azurerm_security_center_assessment,Security,Microsoft Defender for Cloud
azurerm_security_center_assessment_policy,Security,Microsoft Defender for Cloud
azurerm_security_center_auto_provisioning,Security,Microsoft Defender for Cloud
azurerm_security_center_automation,Security,Microsoft Defender for Cloud
azurerm_security_center_contact,Security,Microsoft Defender for Cloud
azurerm_security_center_server_vulnerability_assessment,Security,Microsoft Defender for Cloud
azurerm_security_center_server_vulnerability_assessment_virtual_machine,Security,Microsoft Defender for Cloud
azurerm_security_center_server_vulnerability_assessments_setting,Security,Microsoft Defender for Cloud
azurerm_security_center_setting,Security,Microsoft Defender for Cloud
azurerm_security_center_storage_defender,Security,Microsoft Defender for Cloud
azurerm_security_center_subscription_pricing,Security,Microsoft Defender for Cloud
azurerm_security_center_workspace,Security,Microsoft Defender for Cloud
azurerm_sentinel_alert_rule_anomaly_built_in,Security,Microsoft Sentinel
azurerm_sentinel_alert_rule_anomaly_duplicate,Security,Microsoft Sentinel
azurerm_sentinel_alert_rule_fusion,Security,Microsoft Sentinel
azurerm_sentinel_alert_rule_machine_learning_behavior_analytics,Security,Microsoft Sentinel
azurerm_sentinel_alert_rule_ms_security_incident,Security,Microsoft Sentinel
azurerm_sentinel_alert_rule_nrt,Security,Microsoft Sentinel
azurerm_sentinel_alert_rule_scheduled,Security,Microsoft Sentinel
azurerm_sentinel_alert_rule_threat_intelligence,Security,Microsoft Sentinel
azurerm_sentinel_automation_rule,Security,Microsoft Sentinel
azurerm_sentinel_data_connector_aws_cloud_trail,Security,Microsoft Sentinel
azurerm_sentinel_data_connector_aws_s3,Security,Microsoft Sentinel
azurerm_sentinel_data_connector_azure_active_directory,Security,Microsoft Sentinel
azurerm_sentinel_data_connector_azure_advanced_threat_protection,Security,Microsoft Sentinel
azurerm_sentinel_data_connector_azure_security_center,Security,Microsoft Sentinel
azurerm_sentinel_data_connector_dynamics_365,Security,Microsoft Sentinel
azurerm_sentinel_data_connector_iot,Security,Microsoft Sentinel
azurerm_sentinel_data_connector_microsoft_cloud_app_security,Security,Microsoft Sentinel
azurerm_sentinel_data_connector_microsoft_defender_advanced_threat_protection,Security,Microsoft Sentinel
azurerm_sentinel_data_connector_microsoft_threat_intelligence,Security,Microsoft Sentinel
azurerm_sentinel_data_connector_microsoft_threat_protection,Security,Microsoft Sentinel
azurerm_sentinel_data_connector_office_365,Security,Microsoft Sentinel
azurerm_sentinel_data_connector_office_365_project,Security,Microsoft Sentinel
azurerm_sentinel_data_connector_office_atp,Security,Microsoft Sentinel
azurerm_sentinel_data_connector_office_irm,Security,Microsoft Sentinel
azurerm_sentinel_data_connector_office_power_bi,Security,Microsoft Sentinel
azurerm_sentinel_data_connector_threat_intelligence,Security,Microsoft Sentinel
azurerm_sentinel_data_connector_threat_intelligence_taxii,Security,Microsoft Sentinel
azurerm_sentinel_log_analytics_workspace_onboarding,Security,Microsoft Sentinel
azurerm_sentinel_metadata,Security,Microsoft Sentinel
azurerm_sentinel_threat_intelligence_indicator,Security,Microsoft Sentinel
azurerm_sentinel_watchlist,Security,Microsoft Sentinel
azurerm_sentinel_watchlist_item,Security,Microsoft Sentinel
azurerm_service_fabric_cluster,Compute,Service Fabric
azurerm_service_fabric_managed_cluster,Compute,Service Fabric
azurerm_service_plan,Web,App Service
azurerm_servicebus_namespace,Integration,Service Bus
azurerm_servicebus_namespace_authorization_rule,Integration,Service Bus
azurerm_servicebus_namespace_disaster_recovery_config,Integration,Service Bus
azurerm_servicebus_namespace_network_rule_set,Integration,Service Bus
azurerm_servicebus_queue,Integration,Service Bus
azurerm_servicebus_queue_authorization_rule,Integration,Service Bus
azurerm_servicebus_subscription,Integration,Service Bus
azurerm_servicebus_subscription_rule,Integration,Service Bus
azurerm_servicebus_topic,Integration,Service Bus
azurerm_servicebus_topic_authorization_rule,Integration,Service Bus
azurerm_shared_image,Compute,Azure Compute Gallery
azurerm_shared_image_gallery,Compute,Azure Compute Gallery
azurerm_shared_image_version,Compute,Azure Compute Gallery
azurerm_signalr_service,Web,Azure SignalR Service
azurerm_signalr_service_custom_certificate,Web,Azure SignalR Service
azurerm_signalr_service_custom_domain,Web,Azure SignalR Service
azurerm_signalr_service_network_acl,Web,Azure SignalR Service
azurerm_signalr_shared_private_link_resource,Web,Azure SignalR Service
azurerm_site_recovery_fabric,Migration,Azure Site Recovery
azurerm_site_recovery_hyperv_network_mapping,Migration,Azure Site Recovery
azurerm_site_recovery_hyperv_replication_policy,Migration,Azure Site Recovery
azurerm_site_recovery_hyperv_replication_policy_association,Migration,Azure Site Recovery
azurerm_site_recovery_network_mapping,Migration,Azure Site Recovery
azurerm_site_recovery_protection_container,Migration,Azure Site Recovery
azurerm_site_recovery_protection_container_mapping,Migration,Azure Site Recovery
azurerm_site_recovery_replicated_vm,Migration,Azure Site Recovery
azurerm_site_recovery_replication_policy,Migration,Azure Site Recovery
azurerm_site_recovery_replication_recovery_plan,Migration,Azure Site Recovery
azurerm_site_recovery_services_vault_hyperv_site,Migration,Azure Site Recovery
azurerm_site_recovery_vmware_replicated_vm,Migration,Azure Site Recovery
azurerm_site_recovery_vmware_replication_policy,Migration,Azure Site Recovery
azurerm_site_recovery_vmware_replication_policy_association,Migration,Azure Site Recovery
azurerm_snapshot,Storage,Managed Disks
azurerm_source_control_token,Developer Tools,Azure DevOps
azurerm_spatial_anchors_account,Mixed Reality,Azure Spatial Anchors
azurerm_spring_cloud_accelerator,Web,Azure Spring Apps
azurerm_spring_cloud_active_deployment,Web,Azure Spring Apps
azurerm_spring_cloud_api_portal,Web,Azure Spring Apps
azurerm_spring_cloud_api_portal_custom_domain,Web,Azure Spring Apps
azurerm_spring_cloud_app,Web,Azure Spring Apps
azurerm_spring_cloud_app_cosmosdb_association,Web,Azure Spring Apps
azurerm_spring_cloud_app_dynamics_application_performance_monitoring,Web,Azure Spring Apps
azurerm_spring_cloud_app_mysql_association,Web,Azure Spring Apps
azurerm_spring_cloud_app_redis_association,Web,Azure Spring Apps
azurerm_spring_cloud_application_insights_application_performance_monitoring,Web,Azure Spring Apps
azurerm_spring_cloud_application_live_view,Web,Azure Spring Apps
azurerm_spring_cloud_build_deployment,Web,Azure Spring Apps
azurerm_spring_cloud_build_pack_binding,Web,Azure Spring Apps
azurerm_spring_cloud_builder,Web,Azure Spring Apps
azurerm_spring_cloud_certificate,Web,Azure Spring Apps
azurerm_spring_cloud_configuration_service,Web,Azure Spring Apps
azurerm_spring_cloud_connection,Web,Azure Spring Apps
azurerm_spring_cloud_container_deployment,Web,Azure Spring Apps
azurerm_spring_cloud_custom_domain,Web,Azure Spring Apps
azurerm_spring_cloud_customized_accelerator,Web,Azure Spring Apps
azurerm_spring_cloud_dev_tool_portal,Web,Azure Spring Apps
azurerm_spring_cloud_dynatrace_application_performance_monitoring,Web,Azure Spring Apps
azurerm_spring_cloud_elastic_application_performance_monitoring,Web,Azure Spring Apps
azurerm_spring_cloud_gateway,Web,Azure Spring Apps
azurerm_spring_cloud_gateway_custom_domain,Web,Azure Spring Apps
azurerm_spring_cloud_gateway_route_config,Web,Azure Spring Apps
azurerm_spring_cloud_java_deployment,Web,Azure Spring Apps
azurerm_spring_cloud_new_relic_application_performance_monitoring,Web,Azure Spring Apps
azurerm_spring_cloud_service,Web,Azure Spring Apps
azurerm_spring_cloud_storage,Web,Azure Spring Apps
azurerm_sql_active_directory_administrator,Databases,Azure SQL Database
azurerm_sql_database,Databases,Azure SQL Database
azurerm_sql_elasticpool,Databases,Azure SQL Database
azurerm_sql_failover_group,Databases,Azure SQL Database
azurerm_sql_firewall_rule,Databases,Azure SQL Database
azurerm_sql_managed_database,Databases,Azure SQL Managed Instance
azurerm_sql_managed_instance,Databases,Azure SQL Managed Instance
azurerm_sql_managed_instance_active_directory_administrator,Databases,Azure SQL Managed Instance
azurerm_sql_managed_instance_failover_group,Databases,Azure SQL Managed Instance
azurerm_sql_server,Databases,Azure SQL Database
azurerm_sql_virtual_network_rule,Databases,Azure SQL Database
azurerm_ssh_public_key,Compute,SSH Keys
azurerm_stack_hci_cluster,Hybrid + multicloud,Azure Stack HCI
azurerm_stack_hci_logical_network,Hybrid + multicloud,Azure Stack HCI
azurerm_static_site,Web,Static Web Apps
azurerm_static_site_custom_domain,Web,Static Web Apps
azurerm_static_web_app,Web,Static Web Apps
azurerm_static_web_app_custom_domain,Web,Static Web Apps
azurerm_static_web_app_function_app_registration,Web,Static Web Apps
azurerm_storage_account,Storage,Storage Accounts
azurerm_storage_account_customer_managed_key,Storage,Storage Accounts
azurerm_storage_account_local_user,Storage,Storage Accounts
azurerm_storage_account_network_rules,Storage,Storage Accounts
azurerm_storage_blob,Storage,Blob Storage
azurerm_storage_blob_inventory_policy,Storage,Blob Storage
azurerm_storage_container,Storage,Blob Storage
azurerm_storage_container_immutability_policy,Storage,Blob Storage
azurerm_storage_data_lake_gen2_filesystem,Storage,Data Lake Storage
azurerm_storage_data_lake_gen2_path,Storage,Data Lake Storage
azurerm_storage_encryption_scope,Storage,Storage Accounts
azurerm_storage_management_policy,Storage,Storage Accounts
azurerm_storage_mover,Migration,Azure Storage Mover
azurerm_storage_mover_agent,Migration,Azure Storage Mover
azurerm_storage_mover_job_definition,Migration,Azure Storage Mover
azurerm_storage_mover_project,Migration,Azure Storage Mover
azurerm_storage_mover_source_endpoint,Migration,Azure Storage Mover
azurerm_storage_mover_target_endpoint,Migration,Azure Storage Mover
azurerm_storage_object_replication,Storage,Storage Accounts
azurerm_storage_queue,Storage,Queue Storage
azurerm_storage_share,Storage,File Storage
azurerm_storage_share_directory,Storage,File Storage
azurerm_storage_share_file,Storage,File Storage
azurerm_storage_sync,Storage,Azure File Sync
azurerm_storage_sync_cloud_endpoint,Storage,Azure File Sync
azurerm_storage_sync_group,Storage,Azure File Sync
azurerm_storage_sync_server_endpoint,Storage,Azure File Sync
azurerm_storage_table,Storage,Table Storage
azurerm_storage_table_entity,Storage,Table Storage
azurerm_stream_analytics_cluster,Analytics,Stream Analytics
azurerm_stream_analytics_function_javascript_uda,Analytics,Stream Analytics
azurerm_stream_analytics_function_javascript_udf,Analytics,Stream Analytics
azurerm_stream_analytics_job,Analytics,Stream Analytics
azurerm_stream_analytics_job_schedule,Analytics,Stream Analytics
azurerm_stream_analytics_managed_private_endpoint,Analytics,Stream Analytics
azurerm_stream_analytics_output_blob,Analytics,Stream Analytics
azurerm_stream_analytics_output_cosmosdb,Analytics,Stream Analytics
azurerm_stream_analytics_output_eventhub,Analytics,Stream Analytics
azurerm_stream_analytics_output_function,Analytics,Stream Analytics
azurerm_stream_analytics_output_mssql,Analytics,Stream Analytics
azurerm_stream_analytics_output_powerbi,Analytics,Stream Analytics
azurerm_stream_analytics_output_servicebus_queue,Analytics,Stream Analytics
azurerm_stream_analytics_output_servicebus_topic,Analytics,Stream Analytics
azurerm_stream_analytics_output_synapse,Analytics,Stream Analytics
azurerm_stream_analytics_output_table,Analytics,Stream Analytics
azurerm_stream_analytics_reference_input_blob,Analytics,Stream Analytics
azurerm_stream_analytics_reference_input_mssql,Analytics,Stream Analytics
azurerm_stream_analytics_stream_input_blob,Analytics,Stream Analytics
azurerm_stream_analytics_stream_input_eventhub,Analytics,Stream Analytics
azurerm_stream_analytics_stream_input_eventhub_v2,Analytics,Stream Analytics
azurerm_stream_analytics_stream_input_iothub,Analytics,Stream Analytics
azurerm_subnet,Networking,Virtual Network
azurerm_subnet_nat_gateway_association,Networking,Virtual Network
azurerm_subnet_network_security_group_association,Networking,Virtual Network
azurerm_subnet_route_table_association,Networking,Virtual Network
azurerm_subnet_service_endpoint_storage_policy,Networking,Virtual Network
azurerm_subscription,Management and Governance,Subscriptions
azurerm_subscription_cost_management_export,Management and Governance,Cost Management
azurerm_subscription_cost_management_view,Management and Governance,Cost Management
azurerm_subscription_policy_assignment,Management and Governance,Azure Policy
azurerm_subscription_policy_exemption,Management and Governance,Azure Policy
azurerm_subscription_policy_remediation,Management and Governance,Azure Policy
azurerm_subscription_template_deployment,Management and Governance,Azure Resource Manager
azurerm_synapse_firewall_rule,Analytics,Azure Synapse Analytics
azurerm_synapse_integration_runtime_azure,Analytics,Azure Synapse Analytics
azurerm_synapse_integration_runtime_self_hosted,Analytics,Azure Synapse Analytics
azurerm_synapse_linked_service,Analytics,Azure Synapse Analytics
azurerm_synapse_managed_private_endpoint,Analytics,Azure Synapse Analytics
azurerm_synapse_private_link_hub,Analytics,Azure Synapse Analytics
azurerm_synapse_role_assignment,Analytics,Azure Synapse Analytics
azurerm_synapse_spark_pool,Analytics,Azure Synapse Analytics
azurerm_synapse_sql_pool,Analytics,Azure Synapse Analytics
azurerm_synapse_sql_pool_extended_auditing_policy,Analytics,Azure Synapse Analytics
azurerm_synapse_sql_pool_security_alert_policy,Analytics,Azure Synapse Analytics
azurerm_synapse_sql_pool_vulnerability_assessment,Analytics,Azure Synapse Analytics
azurerm_synapse_sql_pool_vulnerability_assessment_baseline,Analytics,Azure Synapse Analytics
azurerm_synapse_sql_pool_workload_classifier,Analytics,Azure Synapse Analytics
azurerm_synapse_sql_pool_workload_group,Analytics,Azure Synapse Analytics
azurerm_synapse_workspace,Analytics,Azure Synapse Analytics
azurerm_synapse_workspace_aad_admin,Analytics,Azure Synapse Analytics
azurerm_synapse_workspace_extended_auditing_policy,Analytics,Azure Synapse Analytics
azurerm_synapse_workspace_key,Analytics,Azure Synapse Analytics
azurerm_synapse_workspace_security_alert_policy,Analytics,Azure Synapse Analytics
azurerm_synapse_workspace_sql_aad_admin,Analytics,Azure Synapse Analytics
azurerm_synapse_workspace_vulnerability_assessment,Analytics,Azure Synapse Analytics
azurerm_system_center_virtual_machine_manager_availability_set,Hybrid + multicloud,System Center Virtual Machine Manager
azurerm_system_center_virtual_machine_manager_cloud,Hybrid + multicloud,System Center Virtual Machine Manager
azurerm_system_center_virtual_machine_manager_server,Hybrid + multicloud,System Center Virtual Machine Manager
azurerm_system_center_virtual_machine_manager_virtual_machine_template,Hybrid + multicloud,System Center Virtual Machine Manager
azurerm_system_center_virtual_machine_manager_virtual_network,Hybrid + multicloud,System Center Virtual Machine Manager
azurerm_template_deployment,Management and Governance,Azure Resource Manager
azurerm_tenant_template_deployment,Management and Governance,Azure Resource Manager
azurerm_traffic_manager_azure_endpoint,Networking,Traffic Manager
azurerm_traffic_manager_external_endpoint,Networking,Traffic Manager
azurerm_traffic_manager_nested_endpoint,Networking,Traffic Manager
azurerm_traffic_manager_profile,Networking,Traffic Manager
azurerm_user_assigned_identity,Identity,Managed Identities
azurerm_video_analyzer,Media,Azure Video Analyzer
azurerm_video_analyzer_edge_module,Media,Azure Video Analyzer
azurerm_virtual_desktop_application,Compute,Azure Virtual Desktop
azurerm_virtual_desktop_application_group,Compute,Azure Virtual Desktop
azurerm_virtual_desktop_host_pool,Compute,Azure Virtual Desktop
azurerm_virtual_desktop_host_pool_registration_info,Compute,Azure Virtual Desktop
azurerm_virtual_desktop_scaling_plan,Compute,Azure Virtual Desktop
azurerm_virtual_desktop_scaling_plan_host_pool_association,Compute,Azure Virtual Desktop
azurerm_virtual_desktop_workspace,Compute,Azure Virtual Desktop
azurerm_virtual_desktop_workspace_application_group_association,Compute,Azure Virtual Desktop
azurerm_virtual_hub,Networking,Virtual WAN
azurerm_virtual_hub_bgp_connection,Networking,Virtual WAN
azurerm_virtual_hub_connection,Networking,Virtual WAN
azurerm_virtual_hub_ip,Networking,Virtual WAN
azurerm_virtual_hub_route_table,Networking,Virtual WAN
azurerm_virtual_hub_route_table_route,Networking,Virtual WAN
azurerm_virtual_hub_routing_intent,Networking,Virtual WAN
azurerm_virtual_hub_security_partner_provider,Networking,Virtual WAN
azurerm_virtual_machine,Compute,Virtual Machines
azurerm_virtual_machine_automanage_configuration_assignment,Management and Governance,Automanage
azurerm_virtual_machine_data_disk_attachment,Compute,Virtual Machines
azurerm_virtual_machine_extension,Compute,Virtual Machines
azurerm_virtual_machine_gallery_application_assignment,Compute,Virtual Machines
azurerm_virtual_machine_implicit_data_disk_from_source,Compute,Virtual Machines
azurerm_virtual_machine_packet_capture,Networking,Network Watcher
azurerm_virtual_machine_restore_point,Compute,Virtual Machines
azurerm_virtual_machine_restore_point_collection,Compute,Virtual Machines
azurerm_virtual_machine_run_command,Compute,Virtual Machines
azurerm_virtual_machine_scale_set,Compute,Virtual Machine Scale Sets
azurerm_virtual_machine_scale_set_extension,Compute,Virtual Machine Scale Sets
azurerm_virtual_machine_scale_set_packet_capture,Networking,Network Watcher
azurerm_virtual_network,Networking,Virtual Network
azurerm_virtual_network_dns_servers,Networking,Virtual Network
azurerm_virtual_network_gateway,Networking,VPN Gateway
azurerm_virtual_network_gateway_connection,Networking,VPN Gateway
azurerm_virtual_network_gateway_nat_rule,Networking,VPN Gateway
azurerm_virtual_network_peering,Networking,Virtual Network
azurerm_virtual_wan,Networking,Virtual WAN
azurerm_vmware_cluster,Compute,Azure VMware Solution
azurerm_vmware_express_route_authorization,Compute,Azure VMware Solution
azurerm_vmware_netapp_volume_attachment,Compute,Azure VMware Solution
azurerm_vmware_private_cloud,Compute,Azure VMware Solution
azurerm_voice_services_communications_gateway,Web,Azure Communications Gateway
azurerm_voice_services_communications_gateway_test_line,Web,Azure Communications Gateway
azurerm_vpn_gateway,Networking,VPN Gateway
azurerm_vpn_gateway_connection,Networking,VPN Gateway
azurerm_vpn_gateway_nat_rule,Networking,VPN Gateway
azurerm_vpn_server_configuration,Networking,VPN Gateway
azurerm_vpn_server_configuration_policy_group,Networking,VPN Gateway
azurerm_vpn_site,Networking,Virtual WAN
azurerm_web_app_active_slot,Web,App Service
azurerm_web_app_hybrid_connection,Web,App Service
azurerm_web_application_firewall_policy,Networking,Web Application Firewall
azurerm_web_pubsub,Web,Azure Web PubSub
azurerm_web_pubsub_custom_certificate,Web,Azure Web PubSub
azurerm_web_pubsub_custom_domain,Web,Azure Web PubSub
azurerm_web_pubsub_hub,Web,Azure Web PubSub
azurerm_web_pubsub_network_acl,Web,Azure Web PubSub
azurerm_web_pubsub_shared_private_link_resource,Web,Azure Web PubSub
azurerm_windows_function_app,Compute,Azure Functions
azurerm_windows_function_app_slot,Compute,Azure Functions
azurerm_windows_virtual_machine,Compute,Virtual Machines
azurerm_windows_virtual_machine_scale_set,Compute,Virtual Machine Scale Sets
azurerm_windows_web_app,Web,App Service
azurerm_windows_web_app_slot,Web,App Service
azurerm_workloads_sap_discovery_virtual_instance,Compute,Azure Center for SAP solutions
azurerm_workloads_sap_single_node_virtual_instance,Compute,Azure Center for SAP solutions
azurerm_workloads_sap_three_tier_virtual_instance,Compute,Azure Center for SAP solutions